,MonsoonIntensity,TopographyDrainage,RiverManagement,Deforestation,Urbanization,ClimateChange,DamQuality,Siltation,AgriculturalPractices,Encroachments,IneffectiveDisasterPrep,DrainageSystems,CoastalVulnerability,Landslides,Watersheds,DeterioratingInfrastructure,PopulationScore,WetlandLoss,InadequatePlanning,PoliticalFactors,AnnualRainfall,SeasonalRainfall,CloudVisibility,FloodProbability,FloodLabel
count,2500.0,2500.0,2500.0,2500.0,2500.0,2500.0,2500.0,2500.0,2500.0,2500.0,2500.0,2500.0,2500.0,2500.0,2500.0,2500.0,2500.0,2500.0,2500.0,2500.0,2500.0,2500.0,2500.0,2500.0,2500.0
mean,4.936364,4.871116000000001,5.046228,4.981275999999999,5.0461599999999995,5.1076239999999995,4.977636,5.01156,4.969168,4.951544,4.939288,5.128883999999999,5.046688,4.975344000000001,4.851128,5.0223640000000005,4.989947999999999,4.970608,5.068996,5.017116,2246.073908,1401.640708,4.944431999999999,0.49751408,0.5712
std,2.877350475317027,2.916099327639486,2.9076840651393105,2.9078661121094247,2.879096923348989,2.8771893997720874,2.920590075662797,2.8868905662072653,2.895022778931491,2.930403433279573,2.8509099052708047,2.916099327639486,2.858669184508516,2.8660516014853865,2.8240760630443265,2.920590075662797,2.845952251001761,2.90363009652245,2.8733675867350144,2.8748441791105246,1018.0991611293689,716.965397031792,2.80697026528677,0.11915766038725831,0.495003607490462
min,0.0,0.0,0.0,0.01,0.0,0.01,0.0,0.0,0.0,0.01,0.0,0.0,0.01,0.0,0.0,0.0,0.0,0.0,0.0,0.01,505.48,211.18,0.1,0.1321,0.0
25%,2.45,2.3175,2.53,2.4175,2.57,2.69,2.39,2.53,2.42,2.3475,2.4675000000000002,2.62,2.5575,2.52,2.4275,2.4325,2.5575,2.42,2.57,2.62,1348.595,797.3,2.585,0.4064,0.0
50%,4.85,4.78,5.01,4.925,5.15,5.1,5.005,5.015,4.925,4.92,4.955,5.22,5.05,5.0,4.78,4.995,5.03,5.01,5.21,4.975,2270.545,1351.0549999999998,4.92,0.49815,1.0
75%,7.4125,7.38,7.63,7.58,7.51,7.51,7.5675,7.56,7.512499999999999,7.56,7.3,7.6825,7.47,7.4,7.202500000000001,7.61,7.35,7.49,7.51,7.52,3124.05,1892.42,7.3025,0.5872250000000001,1.0
max,9.99,10.0,10.0,10.0,10.0,10.0,10.0,10.0,10.0,10.0,9.99,10.0,9.99,10.0,10.0,10.0,10.0,9.99,10.0,10.0,3999.01,3376.26,10.0,0.8308,1.0
